[
  {
    "model": "rides.person",
    "pk": 1,
    "fields": {
      "first_name": "Zach",
      "origination": "Princeton",
      "destination_city": "Washington",
      "destination_state": "DC",
      "date": "2015-02-08",
      "time": "14:25",
      "taking_passengers": true,
      "seats_available": 3
    }
  },
  {
    "model": "rides.person",
    "pk": 2,
    "fields": {
      "first_name": "Alain",
      "origination": "New York",
      "destination_city": "Washington",
      "destination_state": "DC",
      "date": "2015-02-08",
      "time": "13:25",
      "taking_passengers": false,
      "seats_available": 0
    }
  },
  {
    "model": "rides.person",
    "pk": 3,
    "fields": {
      "first_name": "Jake",
      "origination": "Jersey City",
      "destination_city": "Washington",
      "destination_state": "DC",
      "date": "2015-02-08",
      "time": "12:25",
      "taking_passengers": true,
      "seats_available": 3
    }
  },
  {
    "model": "rides.person",
    "pk": 4,
    "fields": {
      "first_name": "Rose",
      "origination": "Elizabeth",
      "destination_city": "Washington",
      "destination_state": "DC",
      "date": "2015-02-08",
      "time": "11:25",
      "taking_passengers": false,
      "seats_available": 0
    }
  },
  {
    "model": "rides.person",
    "pk": 5,
    "fields": {
      "first_name": "Peter",
      "origination": "Edison",
      "destination_city": "Washington",
      "destination_state": "DC",
      "date": "2015-02-08",
      "time": "10:25",
      "taking_passengers": true,
      "seats_available": 6
    }
  },
  {
    "model": "rides.person",
    "pk": 6,
    "fields": {
      "first_name": "Likai",
      "origination": "Passaic",
      "destination_city": "Washington",
      "destination_state": "DC",
      "date": "2015-02-08",
      "time": "18:25",
      "taking_passengers": false,
      "seats_available": 0
    }
  },
  {
    "model": "rides.person",
    "pk": 7,
    "fields": {
      "first_name": "Cris",
      "origination": "Middletown",
      "destination_city": "Washington",
      "destination_state": "DC",
      "date": "2015-02-08",
      "time": "19:25",
      "taking_passengers": false,
      "seats_available": 0
    }
  },
  {
    "model": "rides.person",
    "pk": 8,
    "fields": {
      "first_name": "Jill",
      "origination": "Lakewood",
      "destination_city": "Washington",
      "destination_state": "DC",
      "date": "2015-02-08",
      "time": "17:25",
      "taking_passengers": true,
      "seats_available": 2
    }
  },
  {
    "model": "rides.person",
    "pk": 9,
    "fields": {
      "first_name": "Lindsy",
      "origination": "Edison",
      "destination_city": "Washington",
      "destination_state": "DC",
      "date": "2015-02-08",
      "time": "15:25",
      "taking_passengers": true,
      "seats_available": 3
    }
  },
  {
    "model": "rides.person",
    "pk": 10,
    "fields": {
      "first_name": "Mont",
      "origination": "Cherry Hill",
      "destination_city": "Washington",
      "destination_state": "DC",
      "date": "2015-02-08",
      "time": "14:25",
      "taking_passengers": true,
      "seats_available": 4
    }
  },
  {
    "model": "rides.person",
    "pk": 11,
    "fields": {
      "first_name": "Tom",
      "origination": "Trenton",
      "destination_city": "Washington",
      "destination_state": "DC",
      "date": "2015-02-08",
      "time": "09:25",
      "taking_passengers": false,
      "seats_available": 0
    }
  },
  {
    "model": "rides.person",
    "pk": 12,
    "fields": {
      "first_name": "Adam",
      "origination": "Paterson",
      "destination_city": "Washington",
      "destination_state": "DC",
      "date": "2015-02-08",
      "time": "06:25",
      "taking_passengers": false,
      "seats_available": 0
    }
  },
  {
    "model": "rides.person",
    "pk": 13,
    "fields": {
      "first_name": "Jason",
      "origination": "Union City",
      "destination_city": "Washington",
      "destination_state": "DC",
      "date": "2015-02-08",
      "time": "14:25",
      "taking_passengers": true,
      "seats_available": 1
    }
  },
  {
    "model": "rides.person",
    "pk": 14,
    "fields": {
      "first_name": "Wet",
      "origination": "Lakewood",
      "destination_city": "Washington",
      "destination_state": "DC",
      "date": "2015-02-08",
      "time": "14:25",
      "taking_passengers": true,
      "seats_available": 5
    }
  },
  {
    "model": "rides.person",
    "pk": 15,
    "fields": {
      "first_name": "Matt",
      "origination": "Elizabeth",
      "destination_city": "Washington",
      "destination_state": "DC",
      "date": "2015-02-08",
      "time": "12:25",
      "taking_passengers": true,
      "seats_available": 2
    }
  },
  {
    "model": "rides.person",
    "pk": 16,
    "fields": {
      "first_name": "Atom",
      "origination": "Princeton",
      "destination_city": "Washington",
      "destination_state": "DC",
      "date": "2015-02-08",
      "time": "06:25",
      "taking_passengers": false,
      "seats_available": 0
    }
  },
  {
    "model": "rides.person",
    "pk": 17,
    "fields": {
      "first_name": "Don",
      "origination": "Trenton",
      "destination_city": "Washington",
      "destination_state": "DC",
      "date": "2015-02-08",
      "time": "05:25",
      "taking_passengers": false,
      "seats_available": 0
    }
  },
  {
    "model": "rides.person",
    "pk": 18,
    "fields": {
      "first_name": "Kile",
      "origination": "Newark",
      "destination_city": "Washington",
      "destination_state": "DC",
      "date": "2015-02-08",
      "time": "22:25",
      "taking_passengers": true,
      "seats_available": 3
    }
  },
  {
    "model": "rides.person",
    "pk": 19,
    "fields": {
      "first_name": "Hill",
      "origination": "Middletown",
      "destination_city": "Washington",
      "destination_state": "DC",
      "date": "2015-02-08",
      "time": "21:25",
      "taking_passengers": false,
      "seats_available": 0
    }
  },
  {
    "model": "rides.person",
    "pk": 20,
    "fields": {
      "first_name": "Newton",
      "origination": "Clifton",
      "destination_city": "Washington",
      "destination_state": "DC",
      "date": "2015-02-08",
      "time": "20:25",
      "taking_passengers": true,
      "seats_available": 2
    }
  },
  {
    "model": "rides.person",
    "pk": 21,
    "fields": {
      "first_name": "Gibs",
      "origination": "Bayonne",
      "destination_city": "Washington",
      "destination_state": "DC",
      "date": "2015-02-08",
      "time": "12:25",
      "taking_passengers": false,
      "seats_available": 0
    }
  },
  {
    "model": "rides.person",
    "pk": 22,
    "fields": {
      "first_name": "Watt",
      "origination": "Jersey City",
      "destination_city": "Washington",
      "destination_state": "DC",
      "date": "2015-02-08",
      "time": "14:25",
      "taking_passengers": true,
      "seats_available": 2
    }
  },
  {
    "model": "rides.person",
    "pk": 23,
    "fields": {
      "first_name": "Gerd",
      "origination": "Franklin",
      "destination_city": "Washington",
      "destination_state": "DC",
      "date": "2015-02-08",
      "time": "09:25",
      "taking_passengers": true,
      "seats_available": 4
    }
  },
  {
    "model": "rides.person",
    "pk": 24,
    "fields": {
      "first_name": "Luke",
      "origination": "Trenton",
      "destination_city": "Washington",
      "destination_state": "DC",
      "date": "2015-02-08",
      "time": "11:25",
      "taking_passengers": false,
      "seats_available": 0
    }
  },
  {
    "model": "rides.person",
    "pk": 25,
    "fields": {
      "first_name": "Frik",
      "origination": "Jersey City",
      "destination_city": "Washington",
      "destination_state": "DC",
      "date": "2015-02-08",
      "time": "15:25",
      "taking_passengers": true,
      "seats_available": 3
    }
  },
  {
    "model": "rides.person",
    "pk": 26,
    "fields": {
      "first_name": "John",
      "origination": "Jersey City",
      "destination_city": "East Jesus",
      "destination_state": "OH",
      "date": "2015-02-08",
      "time": "15:25",
      "taking_passengers": true,
      "seats_available": 3
    }
  }
]