[
	{
		"model": "rides.person",
		"pk": 1,
		"fields": {
			"first_name": "Larry",
			"origination": "Shoreline",
			"destination_city": "Los Angeles",
			"destination_state": "CA",
			"date": "2021-11-02",
			"time": "12:00",
			"taking_passengers": false,
			"seats_available": 0
		}
	},
	{
		"model": "rides.person",
		"pk": 2,
		"fields": {
			"first_name": "Douwe",
			"origination": "Tukwila",
			"destination_city": "Los Angeles",
			"destination_state": "CA",
			"date": "2021-11-02",
			"time": "11:30",
			"taking_passengers": true,
			"seats_available": 4
		}
	},
	{
		"model": "rides.person",
		"pk": 3,
		"fields": {
			"first_name": "Trent",
			"origination": "Des Moines",
			"destination_city": "Los Angeles",
			"destination_state": "CA",
			"date": "2021-11-02",
			"time": "15:30",
			"taking_passengers": true,
			"seats_available": 3
		}
	},
	{
		"model": "rides.person",
		"pk": 4,
		"fields": {
			"first_name": "Lawrence",
			"origination": "Westmont",
			"destination_city": "Los Angeles",
			"destination_state": "CA",
			"date": "2021-11-02",
			"time": "15:00",
			"taking_passengers": false,
			"seats_available": 0
		}
	},
	{
		"model": "rides.person",
		"pk": 5,
		"fields": {
			"first_name": "Larry",
			"origination": "Westmont",
			"destination_city": "Los Angeles",
			"destination_state": "CA",
			"date": "2021-11-02",
			"time": "15:00",
			"taking_passengers": false,
			"seats_available": 0
		}
	},
	{
		"model": "rides.person",
		"pk": 6,
		"fields": {
			"first_name": "Darleen",
			"origination": "East Los Angeles",
			"destination_city": "Los Angeles",
			"destination_state": "CA",
			"date": "2021-11-02",
			"time": "17:00",
			"taking_passengers": true,
			"seats_available": 3
		}
	},
	{
		"model": "rides.person",
		"pk": 7,
		"fields": {
			"first_name": "Panos",
			"origination": "Vernon",
			"destination_city": "Los Angeles",
			"destination_state": "CA",
			"date": "2021-11-02",
			"time": "12:30",
			"taking_passengers": true,
			"seats_available": 1
		}
	},
	{
		"model": "rides.person",
		"pk": 8,
		"fields": {
			"first_name": "Adam",
			"origination": "Bell Gardens",
			"destination_city": "Los Angeles",
			"destination_state": "CA",
			"date": "2021-11-02",
			"time": "10:30",
			"taking_passengers": true,
			"seats_available": 1
		}
	},
	{
		"model": "rides.person",
		"pk": 9,
		"fields": {
			"first_name": "Chris",
			"origination": "Inglewood",
			"destination_city": "Los Angeles",
			"destination_state": "CA",
			"date": "2021-11-02",
			"time": "8:00",
			"taking_passengers": true,
			"seats_available": 1
		}
	},
	{
		"model": "rides.person",
		"pk": 10,
		"fields": {
			"first_name": "Matthew",
			"origination": "Inglewood",
			"destination_city": "Los Angeles",
			"destination_state": "CA",
			"date": "2021-11-02",
			"time": "11:00",
			"taking_passengers": false,
			"seats_available": 0
		}
	},
	{
		"model": "rides.person",
		"pk": 11,
		"fields": {
			"first_name": "Grace",
			"origination": "Walnut Park",
			"destination_city": "Los Angeles",
			"destination_state": "CA",
			"date": "2021-11-02",
			"time": "9:00",
			"taking_passengers": true,
			"seats_available": 1
		}
	},
	{
		"model": "rides.person",
		"pk": 12,
		"fields": {
			"first_name": "Todd",
			"origination": "Cudahy",
			"destination_city": "Los Angeles",
			"destination_state": "CA",
			"date": "2021-11-02",
			"time": "17:00",
			"taking_passengers": true,
			"seats_available": 1
		}
	},
	{
		"model": "rides.person",
		"pk": 13,
		"fields": {
			"first_name": "Stephen",
			"origination": "Lynwood",
			"destination_city": "Los Angeles",
			"destination_state": "CA",
			"date": "2021-11-02",
			"time": "18:00",
			"taking_passengers": true,
			"seats_available": 4
		}
	},
	{
		"model": "rides.person",
		"pk": 14,
		"fields": {
			"first_name": "Jeffrey",
			"origination": "Willowbrook",
			"destination_city": "Los Angeles",
			"destination_state": "CA",
			"date": "2021-11-02",
			"time": "13:00",
			"taking_passengers": true,
			"seats_available": 4
		}
	},
	{
		"model": "rides.person",
		"pk": 15,
		"fields": {
			"first_name": "Jalal",
			"origination": "Hawthorne",
			"destination_city": "Los Angeles",
			"destination_state": "CA",
			"date": "2021-11-02",
			"time": "16:00",
			"taking_passengers": false,
			"seats_available": 0
		}
	},
	{
		"model": "rides.person",
		"pk": 16,
		"fields": {
			"first_name": "Susan ",
			"origination": "Cudahy",
			"destination_city": "Los Angeles",
			"destination_state": "CA",
			"date": "2021-11-02",
			"time": "13:30",
			"taking_passengers": false,
			"seats_available": 0
		}
	},
	{
		"model": "rides.person",
		"pk": 17,
		"fields": {
			"first_name": "Nick",
			"origination": "Westmont",
			"destination_city": "Los Angeles",
			"destination_state": "CA",
			"date": "2021-11-02",
			"time": "14:00",
			"taking_passengers": false,
			"seats_available": 0
		}
	},
	{
		"model": "rides.person",
		"pk": 18,
		"fields": {
			"first_name": "Rambod",
			"origination": "South Gate",
			"destination_city": "Los Angeles",
			"destination_state": "CA",
			"date": "2021-11-02",
			"time": "16:30",
			"taking_passengers": true,
			"seats_available": 4
		}
	},
	{
		"model": "rides.person",
		"pk": 19,
		"fields": {
			"first_name": "Larry",
			"origination": "Maywood",
			"destination_city": "Los Angeles",
			"destination_state": "CA",
			"date": "2021-11-02",
			"time": "12:00",
			"taking_passengers": false,
			"seats_available": 0
		}
	},
	{
		"model": "rides.person",
		"pk": 20,
		"fields": {
			"first_name": "Jennifer",
			"origination": "South Pasadena",
			"destination_city": "Los Angeles",
			"destination_state": "CA",
			"date": "2021-11-02",
			"time": "18:30",
			"taking_passengers": true,
			"seats_available": 1
		}
	},
	{
		"model": "rides.person",
		"pk": 21,
		"fields": {
			"first_name": "Robyn",
			"origination": "Huntington Park",
			"destination_city": "Los Angeles",
			"destination_state": "CA",
			"date": "2021-11-02",
			"time": "15:00",
			"taking_passengers": false,
			"seats_available": 0
		}
	},
	{
		"model": "rides.person",
		"pk": 22,
		"fields": {
			"first_name": "Zac",
			"origination": "Bell Gardens",
			"destination_city": "Los Angeles",
			"destination_state": "CA",
			"date": "2021-11-02",
			"time": "11:30",
			"taking_passengers": true,
			"seats_available": 4
		}
	},
	{
		"model": "rides.person",
		"pk": 23,
		"fields": {
			"first_name": "Kate",
			"origination": "Westmont",
			"destination_city": "Los Angeles",
			"destination_state": "CA",
			"date": "2021-11-02",
			"time": "16:30",
			"taking_passengers": false,
			"seats_available": 0
		}
	},
	{
		"model": "rides.person",
		"pk": 24,
		"fields": {
			"first_name": "Nicholas",
			"origination": "Florence-Graham",
			"destination_city": "Los Angeles",
			"destination_state": "CA",
			"date": "2021-11-02",
			"time": "10:30",
			"taking_passengers": true,
			"seats_available": 4
		}
	},
	{
		"model": "rides.person",
		"pk": 25,
		"fields": {
			"first_name": "John",
			"origination": "Willowbrook",
			"destination_city": "Los Angeles",
			"destination_state": "CA",
			"date": "2021-11-02",
			"time": "12:00",
			"taking_passengers": true,
			"seats_available": 2
		}
	},
	{
		"model": "rides.person",
		"pk": 26,
		"fields": {
			"first_name": "Arlene",
			"origination": "East Los Angeles",
			"destination_city": "Los Angeles",
			"destination_state": "CA",
			"date": "2021-11-02",
			"time": "10:00",
			"taking_passengers": true,
			"seats_available": 2
		}
	},
	{
		"model": "rides.person",
		"pk": 27,
		"fields": {
			"first_name": "Mark",
			"origination": "Commerce",
			"destination_city": "Los Angeles",
			"destination_state": "CA",
			"date": "2021-11-02",
			"time": "14:00",
			"taking_passengers": false,
			"seats_available": 0
		}
	},
	{
		"model": "rides.person",
		"pk": 28,
		"fields": {
			"first_name": "Kapish",
			"origination": "Monterey Park",
			"destination_city": "Los Angeles",
			"destination_state": "CA",
			"date": "2021-11-02",
			"time": "15:00",
			"taking_passengers": true,
			"seats_available": 3
		}
	},
	{
		"model": "rides.person",
		"pk": 29,
		"fields": {
			"first_name": "Maryanne",
			"origination": "The Colony",
			"destination_city": "Los Angeles",
			"destination_state": "CA",
			"date": "2021-11-02",
			"time": "17:00",
			"taking_passengers": false,
			"seats_available": 0
		}
	},
	{
		"model": "rides.person",
		"pk": 30,
		"fields": {
			"first_name": "Brittany",
			"origination": "University Park",
			"destination_city": "Los Angeles",
			"destination_state": "CA",
			"date": "2021-11-02",
			"time": "11:30",
			"taking_passengers": true,
			"seats_available": 3
		}
	},
	{
		"model": "rides.person",
		"pk": 31,
		"fields": {
			"first_name": "Jed",
			"origination": "Plano",
			"destination_city": "Los Angeles",
			"destination_state": "CA",
			"date": "2021-11-02",
			"time": "18:00",
			"taking_passengers": true,
			"seats_available": 1
		}
	},
	{
		"model": "rides.person",
		"pk": 32,
		"fields": {
			"first_name": "Barron",
			"origination": "McKinney",
			"destination_city": "Los Angeles",
			"destination_state": "CA",
			"date": "2021-11-02",
			"time": "18:30",
			"taking_passengers": false,
			"seats_available": 0
		}
	},
	{
		"model": "rides.person",
		"pk": 33,
		"fields": {
			"first_name": "Spencer",
			"origination": "McKinney",
			"destination_city": "Los Angeles",
			"destination_state": "CA",
			"date": "2021-11-02",
			"time": "9:00",
			"taking_passengers": false,
			"seats_available": 0
		}
	},
	{
		"model": "rides.person",
		"pk": 34,
		"fields": {
			"first_name": "Josh",
			"origination": "Franklin",
			"destination_city": "Los Angeles",
			"destination_state": "CA",
			"date": "2021-11-02",
			"time": "9:00",
			"taking_passengers": true,
			"seats_available": 1
		}
	},
	{
		"model": "rides.person",
		"pk": 35,
		"fields": {
			"first_name": "Michele",
			"origination": "Clawson",
			"destination_city": "Los Angeles",
			"destination_state": "CA",
			"date": "2021-11-02",
			"time": "17:30",
			"taking_passengers": false,
			"seats_available": 0
		}
	},
	{
		"model": "rides.person",
		"pk": 36,
		"fields": {
			"first_name": "Gabriel",
			"origination": "Hazel Park",
			"destination_city": "Los Angeles",
			"destination_state": "CA",
			"date": "2021-11-02",
			"time": "9:30",
			"taking_passengers": true,
			"seats_available": 1
		}
	},
	{
		"model": "rides.person",
		"pk": 37,
		"fields": {
			"first_name": "Dennis",
			"origination": "Lathrup Village",
			"destination_city": "Los Angeles",
			"destination_state": "CA",
			"date": "2021-11-02",
			"time": "12:30",
			"taking_passengers": true,
			"seats_available": 4
		}
	},
	{
		"model": "rides.person",
		"pk": 38,
		"fields": {
			"first_name": "Mark",
			"origination": "Northville",
			"destination_city": "Los Angeles",
			"destination_state": "CA",
			"date": "2021-11-02",
			"time": "14:30",
			"taking_passengers": true,
			"seats_available": 2
		}
	},
	{
		"model": "rides.person",
		"pk": 39,
		"fields": {
			"first_name": "Kory",
			"origination": "Keego Harbor",
			"destination_city": "Los Angeles",
			"destination_state": "CA",
			"date": "2021-11-02",
			"time": "8:30",
			"taking_passengers": false,
			"seats_available": 0
		}
	},
	{
		"model": "rides.person",
		"pk": 40,
		"fields": {
			"first_name": "Todd",
			"origination": "Northglenn",
			"destination_city": "Los Angeles",
			"destination_state": "CA",
			"date": "2021-11-02",
			"time": "14:00",
			"taking_passengers": false,
			"seats_available": 0
		}
	},
	{
		"model": "rides.person",
		"pk": 41,
		"fields": {
			"first_name": "John",
			"origination": "Centennial",
			"destination_city": "Los Angeles",
			"destination_state": "CA",
			"date": "2021-11-02",
			"time": "14:00",
			"taking_passengers": true,
			"seats_available": 4
		}
	},
	{
		"model": "rides.person",
		"pk": 42,
		"fields": {
			"first_name": "Michelle",
			"origination": "Englewood",
			"destination_city": "Los Angeles",
			"destination_state": "CA",
			"date": "2021-11-02",
			"time": "16:30",
			"taking_passengers": false,
			"seats_available": 0
		}
	},
	{
		"model": "rides.person",
		"pk": 43,
		"fields": {
			"first_name": "Brendan",
			"origination": "Thornton",
			"destination_city": "Los Angeles",
			"destination_state": "CA",
			"date": "2021-11-02",
			"time": "14:30",
			"taking_passengers": false,
			"seats_available": 0
		}
	},
	{
		"model": "rides.person",
		"pk": 44,
		"fields": {
			"first_name": "Kevin",
			"origination": "Columbine",
			"destination_city": "Los Angeles",
			"destination_state": "CA",
			"date": "2021-11-02",
			"time": "18:30",
			"taking_passengers": false,
			"seats_available": 0
		}
	},
	{
		"model": "rides.person",
		"pk": 45,
		"fields": {
			"first_name": "Nick",
			"origination": "Thornton",
			"destination_city": "Los Angeles",
			"destination_state": "CA",
			"date": "2021-11-02",
			"time": "10:00",
			"taking_passengers": false,
			"seats_available": 0
		}
	},
	{
		"model": "rides.person",
		"pk": 46,
		"fields": {
			"first_name": "Tyler",
			"origination": "Highlands Ranch",
			"destination_city": "Los Angeles",
			"destination_state": "CA",
			"date": "2021-11-02",
			"time": "18:30",
			"taking_passengers": false,
			"seats_available": 0
		}
	},
	{
		"model": "rides.person",
		"pk": 47,
		"fields": {
			"first_name": "Aaron",
			"origination": "Doral",
			"destination_city": "Los Angeles",
			"destination_state": "CA",
			"date": "2021-11-02",
			"time": "8:00",
			"taking_passengers": true,
			"seats_available": 1
		}
	},
	{
		"model": "rides.person",
		"pk": 48,
		"fields": {
			"first_name": "Kevin",
			"origination": "Country Club",
			"destination_city": "Los Angeles",
			"destination_state": "CA",
			"date": "2021-11-02",
			"time": "9:30",
			"taking_passengers": false,
			"seats_available": 0
		}
	},
	{
		"model": "rides.person",
		"pk": 49,
		"fields": {
			"first_name": "Vivian",
			"origination": "The Crossings",
			"destination_city": "Los Angeles",
			"destination_state": "CA",
			"date": "2021-11-02",
			"time": "8:00",
			"taking_passengers": false,
			"seats_available": 0
		}
	},
	{
		"model": "rides.person",
		"pk": 50,
		"fields": {
			"first_name": "Tony",
			"origination": "Coral Terrace",
			"destination_city": "Los Angeles",
			"destination_state": "CA",
			"date": "2021-11-02",
			"time": "18:30",
			"taking_passengers": false,
			"seats_available": 0
		}
	},
	{
		"model": "rides.person",
		"pk": 51,
		"fields": {
			"first_name": "Arturas",
			"origination": "Cutler Bay",
			"destination_city": "Los Angeles",
			"destination_state": "CA",
			"date": "2021-11-02",
			"time": "15:30",
			"taking_passengers": false,
			"seats_available": 0
		}
	},
	{
		"model": "rides.person",
		"pk": 52,
		"fields": {
			"first_name": "Jamie",
			"origination": "Rolling Hills Estates",
			"destination_city": "Los Angeles",
			"destination_state": "CA",
			"date": "2021-11-02",
			"time": "18:00",
			"taking_passengers": false,
			"seats_available": 0
		}
	},
	{
		"model": "rides.person",
		"pk": 53,
		"fields": {
			"first_name": "Bill",
			"origination": "West Rancho Dominguez",
			"destination_city": "Los Angeles",
			"destination_state": "CA",
			"date": "2021-11-02",
			"time": "11:00",
			"taking_passengers": true,
			"seats_available": 3
		}
	},
	{
		"model": "rides.person",
		"pk": 54,
		"fields": {
			"first_name": "Marianne",
			"origination": "Santa Monica",
			"destination_city": "Los Angeles",
			"destination_state": "CA",
			"date": "2021-11-02",
			"time": "11:00",
			"taking_passengers": false,
			"seats_available": 0
		}
	},
	{
		"model": "rides.person",
		"pk": 55,
		"fields": {
			"first_name": "Brian",
			"origination": "Carson",
			"destination_city": "Los Angeles",
			"destination_state": "CA",
			"date": "2021-11-02",
			"time": "15:00",
			"taking_passengers": false,
			"seats_available": 0
		}
	},
	{
		"model": "rides.person",
		"pk": 56,
		"fields": {
			"first_name": "Ted",
			"origination": "Torrance",
			"destination_city": "Los Angeles",
			"destination_state": "CA",
			"date": "2021-11-02",
			"time": "13:00",
			"taking_passengers": false,
			"seats_available": 0
		}
	},
	{
		"model": "rides.person",
		"pk": 57,
		"fields": {
			"first_name": "Debbie",
			"origination": "Inglewood",
			"destination_city": "Los Angeles",
			"destination_state": "CA",
			"date": "2021-11-02",
			"time": "14:00",
			"taking_passengers": false,
			"seats_available": 0
		}
	},
	{
		"model": "rides.person",
		"pk": 58,
		"fields": {
			"first_name": "Ron",
			"origination": "Compton",
			"destination_city": "Los Angeles",
			"destination_state": "CA",
			"date": "2021-11-02",
			"time": "14:30",
			"taking_passengers": false,
			"seats_available": 0
		}
	},
	{
		"model": "rides.person",
		"pk": 59,
		"fields": {
			"first_name": "Tony",
			"origination": "Gardena",
			"destination_city": "Los Angeles",
			"destination_state": "CA",
			"date": "2021-11-02",
			"time": "13:00",
			"taking_passengers": true,
			"seats_available": 3
		}
	},
	{
		"model": "rides.person",
		"pk": 60,
		"fields": {
			"first_name": "Aytan",
			"origination": "Hermosa Beach",
			"destination_city": "Los Angeles",
			"destination_state": "CA",
			"date": "2021-11-02",
			"time": "15:00",
			"taking_passengers": true,
			"seats_available": 4
		}
	},
	{
		"model": "rides.person",
		"pk": 61,
		"fields": {
			"first_name": "Michael",
			"origination": "Compton",
			"destination_city": "Los Angeles",
			"destination_state": "CA",
			"date": "2021-11-02",
			"time": "13:30",
			"taking_passengers": true,
			"seats_available": 2
		}
	},
	{
		"model": "rides.person",
		"pk": 62,
		"fields": {
			"first_name": "Jeffrey",
			"origination": "Hermosa Beach",
			"destination_city": "Los Angeles",
			"destination_state": "CA",
			"date": "2021-11-02",
			"time": "16:00",
			"taking_passengers": false,
			"seats_available": 0
		}
	},
	{
		"model": "rides.person",
		"pk": 63,
		"fields": {
			"first_name": "Robert",
			"origination": "Alondra Park",
			"destination_city": "Los Angeles",
			"destination_state": "CA",
			"date": "2021-11-02",
			"time": "8:00",
			"taking_passengers": false,
			"seats_available": 0
		}
	},
	{
		"model": "rides.person",
		"pk": 64,
		"fields": {
			"first_name": "Will",
			"origination": "Avalon",
			"destination_city": "Los Angeles",
			"destination_state": "CA",
			"date": "2021-11-02",
			"time": "9:30",
			"taking_passengers": false,
			"seats_available": 0
		}
	},
	{
		"model": "rides.person",
		"pk": 65,
		"fields": {
			"first_name": "Ben",
			"origination": "Manhattan Beach",
			"destination_city": "Los Angeles",
			"destination_state": "CA",
			"date": "2021-11-02",
			"time": "17:30",
			"taking_passengers": false,
			"seats_available": 0
		}
	},
	{
		"model": "rides.person",
		"pk": 66,
		"fields": {
			"first_name": "Scott",
			"origination": "Hermosa Beach",
			"destination_city": "Los Angeles",
			"destination_state": "CA",
			"date": "2021-11-02",
			"time": "14:00",
			"taking_passengers": false,
			"seats_available": 0
		}
	},
	{
		"model": "rides.person",
		"pk": 67,
		"fields": {
			"first_name": "Ian",
			"origination": "Avalon",
			"destination_city": "Los Angeles",
			"destination_state": "CA",
			"date": "2021-11-02",
			"time": "11:30",
			"taking_passengers": false,
			"seats_available": 0
		}
	},
	{
		"model": "rides.person",
		"pk": 68,
		"fields": {
			"first_name": "Sharon",
			"origination": "Lennox",
			"destination_city": "Los Angeles",
			"destination_state": "CA",
			"date": "2021-11-02",
			"time": "11:30",
			"taking_passengers": false,
			"seats_available": 0
		}
	},
	{
		"model": "rides.person",
		"pk": 69,
		"fields": {
			"first_name": "T.J.",
			"origination": "Willowbrook",
			"destination_city": "Los Angeles",
			"destination_state": "CA",
			"date": "2021-11-02",
			"time": "9:30",
			"taking_passengers": true,
			"seats_available": 1
		}
	},
	{
		"model": "rides.person",
		"pk": 70,
		"fields": {
			"first_name": "Adolfo",
			"origination": "West Hollywood",
			"destination_city": "Los Angeles",
			"destination_state": "CA",
			"date": "2021-11-02",
			"time": "17:30",
			"taking_passengers": true,
			"seats_available": 1
		}
	},
	{
		"model": "rides.person",
		"pk": 71,
		"fields": {
			"first_name": "Jane",
			"origination": "El Segundo",
			"destination_city": "Los Angeles",
			"destination_state": "CA",
			"date": "2021-11-02",
			"time": "14:30",
			"taking_passengers": true,
			"seats_available": 2
		}
	},
	{
		"model": "rides.person",
		"pk": 72,
		"fields": {
			"first_name": "Baudy",
			"origination": "Topanga",
			"destination_city": "Los Angeles",
			"destination_state": "CA",
			"date": "2021-11-02",
			"time": "13:30",
			"taking_passengers": true,
			"seats_available": 2
		}
	},
	{
		"model": "rides.person",
		"pk": 73,
		"fields": {
			"first_name": "Gregory",
			"origination": "Lennox",
			"destination_city": "Los Angeles",
			"destination_state": "CA",
			"date": "2021-11-02",
			"time": "8:00",
			"taking_passengers": false,
			"seats_available": 0
		}
	},
	{
		"model": "rides.person",
		"pk": 74,
		"fields": {
			"first_name": "Matthew",
			"origination": "El Segundo",
			"destination_city": "Los Angeles",
			"destination_state": "CA",
			"date": "2021-11-02",
			"time": "15:30",
			"taking_passengers": true,
			"seats_available": 4
		}
	},
	{
		"model": "rides.person",
		"pk": 75,
		"fields": {
			"first_name": "Nick",
			"origination": "Lynwood",
			"destination_city": "Los Angeles",
			"destination_state": "CA",
			"date": "2021-11-02",
			"time": "10:00",
			"taking_passengers": false,
			"seats_available": 0
		}
	},
	{
		"model": "rides.person",
		"pk": 76,
		"fields": {
			"first_name": "Mark",
			"origination": "Inglewood",
			"destination_city": "Los Angeles",
			"destination_state": "CA",
			"date": "2021-11-02",
			"time": "15:00",
			"taking_passengers": false,
			"seats_available": 0
		}
	},
	{
		"model": "rides.person",
		"pk": 77,
		"fields": {
			"first_name": "Kit",
			"origination": "Topanga",
			"destination_city": "Los Angeles",
			"destination_state": "CA",
			"date": "2021-11-02",
			"time": "12:00",
			"taking_passengers": false,
			"seats_available": 0
		}
	},
	{
		"model": "rides.person",
		"pk": 78,
		"fields": {
			"first_name": "Stephen",
			"origination": "Torrance",
			"destination_city": "Los Angeles",
			"destination_state": "CA",
			"date": "2021-11-02",
			"time": "14:30",
			"taking_passengers": false,
			"seats_available": 0
		}
	},
	{
		"model": "rides.person",
		"pk": 79,
		"fields": {
			"first_name": "Tracie",
			"origination": "Topanga",
			"destination_city": "Los Angeles",
			"destination_state": "CA",
			"date": "2021-11-02",
			"time": "15:30",
			"taking_passengers": true,
			"seats_available": 3
		}
	},
	{
		"model": "rides.person",
		"pk": 80,
		"fields": {
			"first_name": "Leo",
			"origination": "Topanga",
			"destination_city": "Los Angeles",
			"destination_state": "CA",
			"date": "2021-11-02",
			"time": "10:00",
			"taking_passengers": true,
			"seats_available": 4
		}
	},
	{
		"model": "rides.person",
		"pk": 81,
		"fields": {
			"first_name": "Carin",
			"origination": "Hawthorne",
			"destination_city": "Los Angeles",
			"destination_state": "CA",
			"date": "2021-11-02",
			"time": "17:30",
			"taking_passengers": false,
			"seats_available": 0
		}
	},
	{
		"model": "rides.person",
		"pk": 82,
		"fields": {
			"first_name": "Thurmond",
			"origination": "Palos Verdes Estates",
			"destination_city": "Los Angeles",
			"destination_state": "CA",
			"date": "2021-11-02",
			"time": "14:30",
			"taking_passengers": true,
			"seats_available": 1
		}
	},
	{
		"model": "rides.person",
		"pk": 83,
		"fields": {
			"first_name": "Nick",
			"origination": "Inglewood",
			"destination_city": "Los Angeles",
			"destination_state": "CA",
			"date": "2021-11-02",
			"time": "18:30",
			"taking_passengers": true,
			"seats_available": 2
		}
	},
	{
		"model": "rides.person",
		"pk": 84,
		"fields": {
			"first_name": "Michael",
			"origination": "Inglewood",
			"destination_city": "Los Angeles",
			"destination_state": "CA",
			"date": "2021-11-02",
			"time": "12:00",
			"taking_passengers": true,
			"seats_available": 4
		}
	},
	{
		"model": "rides.person",
		"pk": 85,
		"fields": {
			"first_name": "Muizz",
			"origination": "Beverly Hills",
			"destination_city": "Los Angeles",
			"destination_state": "CA",
			"date": "2021-11-02",
			"time": "13:00",
			"taking_passengers": true,
			"seats_available": 4
		}
	},
	{
		"model": "rides.person",
		"pk": 86,
		"fields": {
			"first_name": "Will",
			"origination": "Lynwood",
			"destination_city": "Los Angeles",
			"destination_state": "CA",
			"date": "2021-11-02",
			"time": "10:00",
			"taking_passengers": false,
			"seats_available": 0
		}
	},
	{
		"model": "rides.person",
		"pk": 87,
		"fields": {
			"first_name": "Nishen",
			"origination": "Rancho Palos Verdes",
			"destination_city": "Los Angeles",
			"destination_state": "CA",
			"date": "2021-11-02",
			"time": "14:00",
			"taking_passengers": true,
			"seats_available": 2
		}
	},
	{
		"model": "rides.person",
		"pk": 88,
		"fields": {
			"first_name": "Rajesh",
			"origination": "Beverly Hills",
			"destination_city": "Los Angeles",
			"destination_state": "CA",
			"date": "2021-11-02",
			"time": "11:00",
			"taking_passengers": true,
			"seats_available": 4
		}
	},
	{
		"model": "rides.person",
		"pk": 89,
		"fields": {
			"first_name": "Duane",
			"origination": "Inglewood",
			"destination_city": "Los Angeles",
			"destination_state": "CA",
			"date": "2021-11-02",
			"time": "8:30",
			"taking_passengers": true,
			"seats_available": 4
		}
	},
	{
		"model": "rides.person",
		"pk": 90,
		"fields": {
			"first_name": "Robert",
			"origination": "Beverly Hills",
			"destination_city": "Los Angeles",
			"destination_state": "CA",
			"date": "2021-11-02",
			"time": "12:30",
			"taking_passengers": true,
			"seats_available": 2
		}
	},
	{
		"model": "rides.person",
		"pk": 91,
		"fields": {
			"first_name": "Clay",
			"origination": "Ladera Heights",
			"destination_city": "Los Angeles",
			"destination_state": "CA",
			"date": "2021-11-02",
			"time": "13:30",
			"taking_passengers": true,
			"seats_available": 3
		}
	},
	{
		"model": "rides.person",
		"pk": 92,
		"fields": {
			"first_name": "Jonathan",
			"origination": "Lomita",
			"destination_city": "Los Angeles",
			"destination_state": "CA",
			"date": "2021-11-02",
			"time": "8:00",
			"taking_passengers": true,
			"seats_available": 1
		}
	},
	{
		"model": "rides.person",
		"pk": 93,
		"fields": {
			"first_name": "Daniel",
			"origination": "Manhattan Beach",
			"destination_city": "Los Angeles",
			"destination_state": "CA",
			"date": "2021-11-02",
			"time": "17:30",
			"taking_passengers": false,
			"seats_available": 0
		}
	},
	{
		"model": "rides.person",
		"pk": 94,
		"fields": {
			"first_name": "Peter",
			"origination": "East Rancho Dominguez",
			"destination_city": "Los Angeles",
			"destination_state": "CA",
			"date": "2021-11-02",
			"time": "13:30",
			"taking_passengers": false,
			"seats_available": 0
		}
	},
	{
		"model": "rides.person",
		"pk": 95,
		"fields": {
			"first_name": "Salman",
			"origination": "Avalon",
			"destination_city": "Los Angeles",
			"destination_state": "CA",
			"date": "2021-11-02",
			"time": "11:00",
			"taking_passengers": false,
			"seats_available": 0
		}
	},
	{
		"model": "rides.person",
		"pk": 96,
		"fields": {
			"first_name": "Hedieh",
			"origination": "Alondra Park",
			"destination_city": "Los Angeles",
			"destination_state": "CA",
			"date": "2021-11-02",
			"time": "13:30",
			"taking_passengers": false,
			"seats_available": 0
		}
	},
	{
		"model": "rides.person",
		"pk": 97,
		"fields": {
			"first_name": "Simon",
			"origination": "Malibu",
			"destination_city": "Los Angeles",
			"destination_state": "CA",
			"date": "2021-11-02",
			"time": "14:30",
			"taking_passengers": true,
			"seats_available": 3
		}
	},
	{
		"model": "rides.person",
		"pk": 98,
		"fields": {
			"first_name": "Elberta",
			"origination": "Lomita",
			"destination_city": "Los Angeles",
			"destination_state": "CA",
			"date": "2021-11-02",
			"time": "18:30",
			"taking_passengers": true,
			"seats_available": 4
		}
	},
	{
		"model": "rides.person",
		"pk": 99,
		"fields": {
			"first_name": "Suzie",
			"origination": "Ladera Heights",
			"destination_city": "Los Angeles",
			"destination_state": "CA",
			"date": "2021-11-02",
			"time": "9:30",
			"taking_passengers": false,
			"seats_available": 0
		}
	},
	{
		"model": "rides.person",
		"pk": 100,
		"fields": {
			"first_name": "Amanda",
			"origination": "Carson",
			"destination_city": "Los Angeles",
			"destination_state": "CA",
			"date": "2021-11-02",
			"time": "10:00",
			"taking_passengers": true,
			"seats_available": 2
		}
	},
	{
		"model": "rides.person",
		"pk": 101,
		"fields": {
			"first_name": "Matt",
			"origination": "Lennox",
			"destination_city": "Los Angeles",
			"destination_state": "CA",
			"date": "2021-11-02",
			"time": "16:30",
			"taking_passengers": true,
			"seats_available": 2
		}
	},
	{
		"model": "rides.person",
		"pk": 102,
		"fields": {
			"first_name": "Gary",
			"origination": "Hawthorne",
			"destination_city": "Los Angeles",
			"destination_state": "CA",
			"date": "2021-11-02",
			"time": "8:30",
			"taking_passengers": false,
			"seats_available": 0
		}
	},
	{
		"model": "rides.person",
		"pk": 103,
		"fields": {
			"first_name": "Joseph",
			"origination": "Rolling Hills",
			"destination_city": "Los Angeles",
			"destination_state": "CA",
			"date": "2021-11-02",
			"time": "12:00",
			"taking_passengers": true,
			"seats_available": 1
		}
	},
	{
		"model": "rides.person",
		"pk": 104,
		"fields": {
			"first_name": "Andreea",
			"origination": "Topanga",
			"destination_city": "Los Angeles",
			"destination_state": "CA",
			"date": "2021-11-02",
			"time": "16:00",
			"taking_passengers": true,
			"seats_available": 4
		}
	},
	{
		"model": "rides.person",
		"pk": 105,
		"fields": {
			"first_name": "Steve",
			"origination": "Hawthorne",
			"destination_city": "Los Angeles",
			"destination_state": "CA",
			"date": "2021-11-02",
			"time": "14:30",
			"taking_passengers": true,
			"seats_available": 2
		}
	},
	{
		"model": "rides.person",
		"pk": 106,
		"fields": {
			"first_name": "Ed",
			"origination": "Malibu",
			"destination_city": "Los Angeles",
			"destination_state": "CA",
			"date": "2021-11-02",
			"time": "9:00",
			"taking_passengers": true,
			"seats_available": 3
		}
	},
	{
		"model": "rides.person",
		"pk": 107,
		"fields": {
			"first_name": "Mike",
			"origination": "West Hollywood",
			"destination_city": "Los Angeles",
			"destination_state": "CA",
			"date": "2021-11-02",
			"time": "14:30",
			"taking_passengers": false,
			"seats_available": 0
		}
	},
	{
		"model": "rides.person",
		"pk": 108,
		"fields": {
			"first_name": "Adam",
			"origination": "Hawthorne",
			"destination_city": "Los Angeles",
			"destination_state": "CA",
			"date": "2021-11-02",
			"time": "12:30",
			"taking_passengers": false,
			"seats_available": 0
		}
	},
	{
		"model": "rides.person",
		"pk": 109,
		"fields": {
			"first_name": "Jonathan",
			"origination": "West Hollywood",
			"destination_city": "Los Angeles",
			"destination_state": "CA",
			"date": "2021-11-02",
			"time": "11:30",
			"taking_passengers": false,
			"seats_available": 0
		}
	},
	{
		"model": "rides.person",
		"pk": 110,
		"fields": {
			"first_name": "Kevin",
			"origination": "Rolling Hills",
			"destination_city": "Los Angeles",
			"destination_state": "CA",
			"date": "2021-11-02",
			"time": "15:30",
			"taking_passengers": true,
			"seats_available": 1
		}
	},
	{
		"model": "rides.person",
		"pk": 111,
		"fields": {
			"first_name": "Jim",
			"origination": "Rolling Hills Estates",
			"destination_city": "Los Angeles",
			"destination_state": "CA",
			"date": "2021-11-02",
			"time": "17:00",
			"taking_passengers": false,
			"seats_available": 0
		}
	},
	{
		"model": "rides.person",
		"pk": 112,
		"fields": {
			"first_name": "Eric",
			"origination": "Redondo Beach",
			"destination_city": "Los Angeles",
			"destination_state": "CA",
			"date": "2021-11-02",
			"time": "8:00",
			"taking_passengers": false,
			"seats_available": 0
		}
	},
	{
		"model": "rides.person",
		"pk": 113,
		"fields": {
			"first_name": "Jeremy",
			"origination": "East Rancho Dominguez",
			"destination_city": "Los Angeles",
			"destination_state": "CA",
			"date": "2021-11-02",
			"time": "12:30",
			"taking_passengers": true,
			"seats_available": 3
		}
	},
	{
		"model": "rides.person",
		"pk": 114,
		"fields": {
			"first_name": "Edward",
			"origination": "Inglewood",
			"destination_city": "Los Angeles",
			"destination_state": "CA",
			"date": "2021-11-02",
			"time": "15:00",
			"taking_passengers": false,
			"seats_available": 0
		}
	},
	{
		"model": "rides.person",
		"pk": 115,
		"fields": {
			"first_name": "Cornelia",
			"origination": "Ladera Heights",
			"destination_city": "Los Angeles",
			"destination_state": "CA",
			"date": "2021-11-02",
			"time": "12:00",
			"taking_passengers": false,
			"seats_available": 0
		}
	},
	{
		"model": "rides.person",
		"pk": 116,
		"fields": {
			"first_name": "Rehan",
			"origination": "Palos Verdes Estates",
			"destination_city": "Los Angeles",
			"destination_state": "CA",
			"date": "2021-11-02",
			"time": "8:30",
			"taking_passengers": true,
			"seats_available": 1
		}
	},
	{
		"model": "rides.person",
		"pk": 117,
		"fields": {
			"first_name": "Andrew",
			"origination": "Topanga",
			"destination_city": "Los Angeles",
			"destination_state": "CA",
			"date": "2021-11-02",
			"time": "13:30",
			"taking_passengers": false,
			"seats_available": 0
		}
	},
	{
		"model": "rides.person",
		"pk": 118,
		"fields": {
			"first_name": "Tuan",
			"origination": "Palos Verdes Estates",
			"destination_city": "Los Angeles",
			"destination_state": "CA",
			"date": "2021-11-02",
			"time": "12:30",
			"taking_passengers": true,
			"seats_available": 4
		}
	},
	{
		"model": "rides.person",
		"pk": 119,
		"fields": {
			"first_name": "Jill",
			"origination": "El Segundo",
			"destination_city": "Los Angeles",
			"destination_state": "CA",
			"date": "2021-11-02",
			"time": "8:30",
			"taking_passengers": true,
			"seats_available": 2
		}
	},
	{
		"model": "rides.person",
		"pk": 120,
		"fields": {
			"first_name": "Christian",
			"origination": "Ladera Heights",
			"destination_city": "Los Angeles",
			"destination_state": "CA",
			"date": "2021-11-02",
			"time": "12:30",
			"taking_passengers": false,
			"seats_available": 0
		}
	},
	{
		"model": "rides.person",
		"pk": 121,
		"fields": {
			"first_name": "Robina",
			"origination": "Beverly Hills",
			"destination_city": "Los Angeles",
			"destination_state": "CA",
			"date": "2021-11-02",
			"time": "12:30",
			"taking_passengers": true,
			"seats_available": 4
		}
	},
	{
		"model": "rides.person",
		"pk": 122,
		"fields": {
			"first_name": "Arash",
			"origination": "Torrance",
			"destination_city": "Los Angeles",
			"destination_state": "CA",
			"date": "2021-11-02",
			"time": "8:00",
			"taking_passengers": true,
			"seats_available": 1
		}
	},
	{
		"model": "rides.person",
		"pk": 123,
		"fields": {
			"first_name": "Jessica ",
			"origination": "Willowbrook",
			"destination_city": "Los Angeles",
			"destination_state": "CA",
			"date": "2021-11-02",
			"time": "18:00",
			"taking_passengers": false,
			"seats_available": 0
		}
	},
	{
		"model": "rides.person",
		"pk": 124,
		"fields": {
			"first_name": "Channing",
			"origination": "Malibu",
			"destination_city": "Los Angeles",
			"destination_state": "CA",
			"date": "2021-11-02",
			"time": "12:00",
			"taking_passengers": false,
			"seats_available": 0
		}
	},
	{
		"model": "rides.person",
		"pk": 125,
		"fields": {
			"first_name": "Ryan",
			"origination": "Compton",
			"destination_city": "Los Angeles",
			"destination_state": "CA",
			"date": "2021-11-02",
			"time": "9:00",
			"taking_passengers": true,
			"seats_available": 4
		}
	},
	{
		"model": "rides.person",
		"pk": 126,
		"fields": {
			"first_name": "IRENE",
			"origination": "El Segundo",
			"destination_city": "Los Angeles",
			"destination_state": "CA",
			"date": "2021-11-02",
			"time": "9:30",
			"taking_passengers": false,
			"seats_available": 0
		}
	},
	{
		"model": "rides.person",
		"pk": 127,
		"fields": {
			"first_name": "Natalie",
			"origination": "Culver City",
			"destination_city": "Los Angeles",
			"destination_state": "CA",
			"date": "2021-11-02",
			"time": "18:00",
			"taking_passengers": true,
			"seats_available": 4
		}
	},
	{
		"model": "rides.person",
		"pk": 128,
		"fields": {
			"first_name": "Margaret",
			"origination": "Palos Verdes Estates",
			"destination_city": "Los Angeles",
			"destination_state": "CA",
			"date": "2021-11-02",
			"time": "9:30",
			"taking_passengers": true,
			"seats_available": 4
		}
	},
	{
		"model": "rides.person",
		"pk": 129,
		"fields": {
			"first_name": "Iain",
			"origination": "Manhattan Beach",
			"destination_city": "Los Angeles",
			"destination_state": "CA",
			"date": "2021-11-02",
			"time": "8:30",
			"taking_passengers": false,
			"seats_available": 0
		}
	},
	{
		"model": "rides.person",
		"pk": 130,
		"fields": {
			"first_name": "Daniel",
			"origination": "Lennox",
			"destination_city": "Los Angeles",
			"destination_state": "CA",
			"date": "2021-11-02",
			"time": "18:30",
			"taking_passengers": false,
			"seats_available": 0
		}
	},
	{
		"model": "rides.person",
		"pk": 131,
		"fields": {
			"first_name": "Mark",
			"origination": "Rancho Palos Verdes",
			"destination_city": "Los Angeles",
			"destination_state": "CA",
			"date": "2021-11-02",
			"time": "8:00",
			"taking_passengers": false,
			"seats_available": 0
		}
	},
	{
		"model": "rides.person",
		"pk": 132,
		"fields": {
			"first_name": "Kim",
			"origination": "Compton",
			"destination_city": "Los Angeles",
			"destination_state": "CA",
			"date": "2021-11-02",
			"time": "14:30",
			"taking_passengers": false,
			"seats_available": 0
		}
	},
	{
		"model": "rides.person",
		"pk": 133,
		"fields": {
			"first_name": "Brandyn",
			"origination": "Gardena",
			"destination_city": "Los Angeles",
			"destination_state": "CA",
			"date": "2021-11-02",
			"time": "10:30",
			"taking_passengers": false,
			"seats_available": 0
		}
	},
	{
		"model": "rides.person",
		"pk": 134,
		"fields": {
			"first_name": "Jeri",
			"origination": "Willowbrook",
			"destination_city": "Los Angeles",
			"destination_state": "CA",
			"date": "2021-11-02",
			"time": "11:30",
			"taking_passengers": false,
			"seats_available": 0
		}
	},
	{
		"model": "rides.person",
		"pk": 135,
		"fields": {
			"first_name": "Aaron",
			"origination": "West Carson",
			"destination_city": "Los Angeles",
			"destination_state": "CA",
			"date": "2021-11-02",
			"time": "12:00",
			"taking_passengers": true,
			"seats_available": 3
		}
	},
	{
		"model": "rides.person",
		"pk": 136,
		"fields": {
			"first_name": "Will",
			"origination": "Avalon",
			"destination_city": "Los Angeles",
			"destination_state": "CA",
			"date": "2021-11-02",
			"time": "8:30",
			"taking_passengers": false,
			"seats_available": 0
		}
	},
	{
		"model": "rides.person",
		"pk": 137,
		"fields": {
			"first_name": "Paul",
			"origination": "Hawthorne",
			"destination_city": "Los Angeles",
			"destination_state": "CA",
			"date": "2021-11-02",
			"time": "17:30",
			"taking_passengers": false,
			"seats_available": 0
		}
	},
	{
		"model": "rides.person",
		"pk": 138,
		"fields": {
			"first_name": "Mark",
			"origination": "Lomita",
			"destination_city": "Los Angeles",
			"destination_state": "CA",
			"date": "2021-11-02",
			"time": "8:00",
			"taking_passengers": true,
			"seats_available": 4
		}
	},
	{
		"model": "rides.person",
		"pk": 139,
		"fields": {
			"first_name": "Scott",
			"origination": "Rolling Hills",
			"destination_city": "Los Angeles",
			"destination_state": "CA",
			"date": "2021-11-02",
			"time": "13:30",
			"taking_passengers": false,
			"seats_available": 0
		}
	},
	{
		"model": "rides.person",
		"pk": 140,
		"fields": {
			"first_name": "Andrew",
			"origination": "Rolling Hills Estates",
			"destination_city": "Los Angeles",
			"destination_state": "CA",
			"date": "2021-11-02",
			"time": "17:00",
			"taking_passengers": true,
			"seats_available": 1
		}
	},
	{
		"model": "rides.person",
		"pk": 141,
		"fields": {
			"first_name": "Michael",
			"origination": "Lomita",
			"destination_city": "Los Angeles",
			"destination_state": "CA",
			"date": "2021-11-02",
			"time": "14:30",
			"taking_passengers": true,
			"seats_available": 4
		}
	},
	{
		"model": "rides.person",
		"pk": 142,
		"fields": {
			"first_name": "Jeffrey",
			"origination": "Manhattan Beach",
			"destination_city": "Los Angeles",
			"destination_state": "CA",
			"date": "2021-11-02",
			"time": "13:00",
			"taking_passengers": false,
			"seats_available": 0
		}
	},
	{
		"model": "rides.person",
		"pk": 143,
		"fields": {
			"first_name": "Matt",
			"origination": "Malibu",
			"destination_city": "Los Angeles",
			"destination_state": "CA",
			"date": "2021-11-02",
			"time": "8:00",
			"taking_passengers": false,
			"seats_available": 0
		}
	},
	{
		"model": "rides.person",
		"pk": 144,
		"fields": {
			"first_name": "Thomas",
			"origination": "Compton",
			"destination_city": "Los Angeles",
			"destination_state": "CA",
			"date": "2021-11-02",
			"time": "9:30",
			"taking_passengers": false,
			"seats_available": 0
		}
	},
	{
		"model": "rides.person",
		"pk": 145,
		"fields": {
			"first_name": "Evan",
			"origination": "Lynwood",
			"destination_city": "Los Angeles",
			"destination_state": "CA",
			"date": "2021-11-02",
			"time": "9:30",
			"taking_passengers": false,
			"seats_available": 0
		}
	},
	{
		"model": "rides.person",
		"pk": 146,
		"fields": {
			"first_name": "Allen",
			"origination": "Ladera Heights",
			"destination_city": "Los Angeles",
			"destination_state": "CA",
			"date": "2021-11-02",
			"time": "15:30",
			"taking_passengers": false,
			"seats_available": 0
		}
	},
	{
		"model": "rides.person",
		"pk": 147,
		"fields": {
			"first_name": "Hitomi",
			"origination": "Rolling Hills",
			"destination_city": "Los Angeles",
			"destination_state": "CA",
			"date": "2021-11-02",
			"time": "16:00",
			"taking_passengers": true,
			"seats_available": 4
		}
	},
	{
		"model": "rides.person",
		"pk": 148,
		"fields": {
			"first_name": "Richard",
			"origination": "Lynwood",
			"destination_city": "Los Angeles",
			"destination_state": "CA",
			"date": "2021-11-02",
			"time": "9:00",
			"taking_passengers": true,
			"seats_available": 2
		}
	},
	{
		"model": "rides.person",
		"pk": 149,
		"fields": {
			"first_name": "Christopher",
			"origination": "Santa Monica",
			"destination_city": "Los Angeles",
			"destination_state": "CA",
			"date": "2021-11-02",
			"time": "17:00",
			"taking_passengers": true,
			"seats_available": 4
		}
	},
	{
		"model": "rides.person",
		"pk": 150,
		"fields": {
			"first_name": "John",
			"origination": "Redondo Beach",
			"destination_city": "Los Angeles",
			"destination_state": "CA",
			"date": "2021-11-02",
			"time": "11:30",
			"taking_passengers": false,
			"seats_available": 0
		}
	},
	{
		"model": "rides.person",
		"pk": 151,
		"fields": {
			"first_name": "Kevin",
			"origination": "Topanga",
			"destination_city": "Los Angeles",
			"destination_state": "CA",
			"date": "2021-11-02",
			"time": "16:30",
			"taking_passengers": false,
			"seats_available": 0
		}
	},
	{
		"model": "rides.person",
		"pk": 152,
		"fields": {
			"first_name": "Joe",
			"origination": "Marina del Rey",
			"destination_city": "Los Angeles",
			"destination_state": "CA",
			"date": "2021-11-02",
			"time": "16:30",
			"taking_passengers": false,
			"seats_available": 0
		}
	},
	{
		"model": "rides.person",
		"pk": 153,
		"fields": {
			"first_name": "Teresa",
			"origination": "Compton",
			"destination_city": "Los Angeles",
			"destination_state": "CA",
			"date": "2021-11-02",
			"time": "18:30",
			"taking_passengers": false,
			"seats_available": 0
		}
	},
	{
		"model": "rides.person",
		"pk": 154,
		"fields": {
			"first_name": "Larry",
			"origination": "Lomita",
			"destination_city": "Los Angeles",
			"destination_state": "CA",
			"date": "2021-11-02",
			"time": "10:00",
			"taking_passengers": true,
			"seats_available": 2
		}
	},
	{
		"model": "rides.person",
		"pk": 155,
		"fields": {
			"first_name": "Lisa",
			"origination": "Gardena",
			"destination_city": "Los Angeles",
			"destination_state": "CA",
			"date": "2021-11-02",
			"time": "17:00",
			"taking_passengers": false,
			"seats_available": 0
		}
	},
	{
		"model": "rides.person",
		"pk": 156,
		"fields": {
			"first_name": "Ravi",
			"origination": "Manhattan Beach",
			"destination_city": "Los Angeles",
			"destination_state": "CA",
			"date": "2021-11-02",
			"time": "8:00",
			"taking_passengers": false,
			"seats_available": 0
		}
	},
	{
		"model": "rides.person",
		"pk": 157,
		"fields": {
			"first_name": "Thomas",
			"origination": "Rolling Hills",
			"destination_city": "Los Angeles",
			"destination_state": "CA",
			"date": "2021-11-02",
			"time": "16:30",
			"taking_passengers": true,
			"seats_available": 4
		}
	},
	{
		"model": "rides.person",
		"pk": 158,
		"fields": {
			"first_name": "Scott",
			"origination": "Alondra Park",
			"destination_city": "Los Angeles",
			"destination_state": "CA",
			"date": "2021-11-02",
			"time": "12:30",
			"taking_passengers": false,
			"seats_available": 0
		}
	},
	{
		"model": "rides.person",
		"pk": 159,
		"fields": {
			"first_name": "Kimberlea",
			"origination": "Lennox",
			"destination_city": "Los Angeles",
			"destination_state": "CA",
			"date": "2021-11-02",
			"time": "17:00",
			"taking_passengers": true,
			"seats_available": 1
		}
	},
	{
		"model": "rides.person",
		"pk": 160,
		"fields": {
			"first_name": "Anna",
			"origination": "Topanga",
			"destination_city": "Los Angeles",
			"destination_state": "CA",
			"date": "2021-11-02",
			"time": "15:00",
			"taking_passengers": false,
			"seats_available": 0
		}
	},
	{
		"model": "rides.person",
		"pk": 161,
		"fields": {
			"first_name": "Rose",
			"origination": "Malibu",
			"destination_city": "Los Angeles",
			"destination_state": "CA",
			"date": "2021-11-02",
			"time": "18:00",
			"taking_passengers": true,
			"seats_available": 2
		}
	},
	{
		"model": "rides.person",
		"pk": 162,
		"fields": {
			"first_name": "Zachary",
			"origination": "Carson",
			"destination_city": "Los Angeles",
			"destination_state": "CA",
			"date": "2021-11-02",
			"time": "13:30",
			"taking_passengers": true,
			"seats_available": 3
		}
	},
	{
		"model": "rides.person",
		"pk": 163,
		"fields": {
			"first_name": "Joseph",
			"origination": "Lawndale",
			"destination_city": "Los Angeles",
			"destination_state": "CA",
			"date": "2021-11-02",
			"time": "8:30",
			"taking_passengers": true,
			"seats_available": 2
		}
	},
	{
		"model": "rides.person",
		"pk": 164,
		"fields": {
			"first_name": "Alexander",
			"origination": "Compton",
			"destination_city": "Los Angeles",
			"destination_state": "CA",
			"date": "2021-11-02",
			"time": "8:00",
			"taking_passengers": false,
			"seats_available": 0
		}
	},
	{
		"model": "rides.person",
		"pk": 165,
		"fields": {
			"first_name": "Matt",
			"origination": "El Segundo",
			"destination_city": "Los Angeles",
			"destination_state": "CA",
			"date": "2021-11-02",
			"time": "16:30",
			"taking_passengers": false,
			"seats_available": 0
		}
	},
	{
		"model": "rides.person",
		"pk": 166,
		"fields": {
			"first_name": "David",
			"origination": "Torrance",
			"destination_city": "Los Angeles",
			"destination_state": "CA",
			"date": "2021-11-02",
			"time": "17:00",
			"taking_passengers": true,
			"seats_available": 1
		}
	},
	{
		"model": "rides.person",
		"pk": 167,
		"fields": {
			"first_name": "Anant",
			"origination": "Hermosa Beach",
			"destination_city": "Los Angeles",
			"destination_state": "CA",
			"date": "2021-11-02",
			"time": "9:30",
			"taking_passengers": true,
			"seats_available": 3
		}
	},
	{
		"model": "rides.person",
		"pk": 168,
		"fields": {
			"first_name": "Michael",
			"origination": "Lennox",
			"destination_city": "Los Angeles",
			"destination_state": "CA",
			"date": "2021-11-02",
			"time": "9:00",
			"taking_passengers": true,
			"seats_available": 3
		}
	},
	{
		"model": "rides.person",
		"pk": 169,
		"fields": {
			"first_name": "Carolyn",
			"origination": "West Carson",
			"destination_city": "Los Angeles",
			"destination_state": "CA",
			"date": "2021-11-02",
			"time": "15:00",
			"taking_passengers": false,
			"seats_available": 0
		}
	},
	{
		"model": "rides.person",
		"pk": 170,
		"fields": {
			"first_name": "Dan",
			"origination": "Culver City",
			"destination_city": "Los Angeles",
			"destination_state": "CA",
			"date": "2021-11-02",
			"time": "8:00",
			"taking_passengers": true,
			"seats_available": 2
		}
	},
	{
		"model": "rides.person",
		"pk": 171,
		"fields": {
			"first_name": "Scott",
			"origination": "Lawndale",
			"destination_city": "Los Angeles",
			"destination_state": "CA",
			"date": "2021-11-02",
			"time": "14:30",
			"taking_passengers": true,
			"seats_available": 4
		}
	},
	{
		"model": "rides.person",
		"pk": 172,
		"fields": {
			"first_name": "Willie",
			"origination": "Marina del Rey",
			"destination_city": "Los Angeles",
			"destination_state": "CA",
			"date": "2021-11-02",
			"time": "14:00",
			"taking_passengers": true,
			"seats_available": 1
		}
	},
	{
		"model": "rides.person",
		"pk": 173,
		"fields": {
			"first_name": "Lisa",
			"origination": "Culver City",
			"destination_city": "Los Angeles",
			"destination_state": "CA",
			"date": "2021-11-02",
			"time": "13:00",
			"taking_passengers": false,
			"seats_available": 0
		}
	},
	{
		"model": "rides.person",
		"pk": 174,
		"fields": {
			"first_name": "Michelle",
			"origination": "Rancho Palos Verdes",
			"destination_city": "Los Angeles",
			"destination_state": "CA",
			"date": "2021-11-02",
			"time": "16:30",
			"taking_passengers": false,
			"seats_available": 0
		}
	},
	{
		"model": "rides.person",
		"pk": 175,
		"fields": {
			"first_name": "David",
			"origination": "El Segundo",
			"destination_city": "Los Angeles",
			"destination_state": "CA",
			"date": "2021-11-02",
			"time": "13:00",
			"taking_passengers": true,
			"seats_available": 2
		}
	},
	{
		"model": "rides.person",
		"pk": 176,
		"fields": {
			"first_name": "Arthur",
			"origination": "Gardena",
			"destination_city": "Los Angeles",
			"destination_state": "CA",
			"date": "2021-11-02",
			"time": "12:30",
			"taking_passengers": false,
			"seats_available": 0
		}
	},
	{
		"model": "rides.person",
		"pk": 177,
		"fields": {
			"first_name": "Joel",
			"origination": "Fairfax",
			"destination_city": "Los Angeles",
			"destination_state": "CA",
			"date": "2021-11-02",
			"time": "11:30",
			"taking_passengers": false,
			"seats_available": 0
		}
	},
	{
		"model": "rides.person",
		"pk": 178,
		"fields": {
			"first_name": "Vince",
			"origination": "Brisbane",
			"destination_city": "Los Angeles",
			"destination_state": "CA",
			"date": "2021-11-02",
			"time": "12:00",
			"taking_passengers": true,
			"seats_available": 4
		}
	},
	{
		"model": "rides.person",
		"pk": 179,
		"fields": {
			"first_name": "Kate",
			"origination": "Strawberry",
			"destination_city": "Los Angeles",
			"destination_state": "CA",
			"date": "2021-11-02",
			"time": "17:00",
			"taking_passengers": true,
			"seats_available": 2
		}
	},
	{
		"model": "rides.person",
		"pk": 180,
		"fields": {
			"first_name": "Sam",
			"origination": "Sleepy Hollow",
			"destination_city": "Los Angeles",
			"destination_state": "CA",
			"date": "2021-11-02",
			"time": "11:30",
			"taking_passengers": false,
			"seats_available": 0
		}
	},
	{
		"model": "rides.person",
		"pk": 181,
		"fields": {
			"first_name": "Craig",
			"origination": "Stinson Beach",
			"destination_city": "Los Angeles",
			"destination_state": "CA",
			"date": "2021-11-02",
			"time": "16:30",
			"taking_passengers": false,
			"seats_available": 0
		}
	},
	{
		"model": "rides.person",
		"pk": 182,
		"fields": {
			"first_name": "Jared",
			"origination": "Black Point-Green Point",
			"destination_city": "Los Angeles",
			"destination_state": "CA",
			"date": "2021-11-02",
			"time": "13:00",
			"taking_passengers": false,
			"seats_available": 0
		}
	},
	{
		"model": "rides.person",
		"pk": 183,
		"fields": {
			"first_name": "Jeffrey",
			"origination": "Novato",
			"destination_city": "Los Angeles",
			"destination_state": "CA",
			"date": "2021-11-02",
			"time": "13:30",
			"taking_passengers": false,
			"seats_available": 0
		}
	},
	{
		"model": "rides.person",
		"pk": 184,
		"fields": {
			"first_name": "Will",
			"origination": "Santa Venetia",
			"destination_city": "Los Angeles",
			"destination_state": "CA",
			"date": "2021-11-02",
			"time": "16:00",
			"taking_passengers": false,
			"seats_available": 0
		}
	},
	{
		"model": "rides.person",
		"pk": 185,
		"fields": {
			"first_name": "Sami",
			"origination": "Inverness",
			"destination_city": "Los Angeles",
			"destination_state": "CA",
			"date": "2021-11-02",
			"time": "14:00",
			"taking_passengers": false,
			"seats_available": 0
		}
	},
	{
		"model": "rides.person",
		"pk": 186,
		"fields": {
			"first_name": "Thomas",
			"origination": "Sleepy Hollow",
			"destination_city": "Los Angeles",
			"destination_state": "CA",
			"date": "2021-11-02",
			"time": "9:30",
			"taking_passengers": true,
			"seats_available": 3
		}
	},
	{
		"model": "rides.person",
		"pk": 187,
		"fields": {
			"first_name": "Ben",
			"origination": "Sausalito",
			"destination_city": "Los Angeles",
			"destination_state": "CA",
			"date": "2021-11-02",
			"time": "8:00",
			"taking_passengers": true,
			"seats_available": 4
		}
	},
	{
		"model": "rides.person",
		"pk": 188,
		"fields": {
			"first_name": "Stewart",
			"origination": "San Rafael",
			"destination_city": "Los Angeles",
			"destination_state": "CA",
			"date": "2021-11-02",
			"time": "12:30",
			"taking_passengers": true,
			"seats_available": 4
		}
	},
	{
		"model": "rides.person",
		"pk": 189,
		"fields": {
			"first_name": "Thomas",
			"origination": "Kentfield",
			"destination_city": "Los Angeles",
			"destination_state": "CA",
			"date": "2021-11-02",
			"time": "17:00",
			"taking_passengers": false,
			"seats_available": 0
		}
	},
	{
		"model": "rides.person",
		"pk": 190,
		"fields": {
			"first_name": "Matt",
			"origination": "Marin City",
			"destination_city": "Los Angeles",
			"destination_state": "CA",
			"date": "2021-11-02",
			"time": "12:30",
			"taking_passengers": false,
			"seats_available": 0
		}
	},
	{
		"model": "rides.person",
		"pk": 191,
		"fields": {
			"first_name": "Lars",
			"origination": "Aliso Viejo",
			"destination_city": "Los Angeles",
			"destination_state": "CA",
			"date": "2021-11-02",
			"time": "17:00",
			"taking_passengers": false,
			"seats_available": 0
		}
	},
	{
		"model": "rides.person",
		"pk": 192,
		"fields": {
			"first_name": "John",
			"origination": "Ladera Ranch",
			"destination_city": "Los Angeles",
			"destination_state": "CA",
			"date": "2021-11-02",
			"time": "13:30",
			"taking_passengers": true,
			"seats_available": 3
		}
	},
	{
		"model": "rides.person",
		"pk": 193,
		"fields": {
			"first_name": "Jordan",
			"origination": "Laguna Beach",
			"destination_city": "Los Angeles",
			"destination_state": "CA",
			"date": "2021-11-02",
			"time": "15:30",
			"taking_passengers": false,
			"seats_available": 0
		}
	},
	{
		"model": "rides.person",
		"pk": 194,
		"fields": {
			"first_name": "Timothy B.",
			"origination": "Costa Mesa",
			"destination_city": "Los Angeles",
			"destination_state": "CA",
			"date": "2021-11-02",
			"time": "9:00",
			"taking_passengers": true,
			"seats_available": 2
		}
	},
	{
		"model": "rides.person",
		"pk": 195,
		"fields": {
			"first_name": "Matt",
			"origination": "Dana Point",
			"destination_city": "Los Angeles",
			"destination_state": "CA",
			"date": "2021-11-02",
			"time": "15:00",
			"taking_passengers": true,
			"seats_available": 2
		}
	},
	{
		"model": "rides.person",
		"pk": 196,
		"fields": {
			"first_name": "Bob",
			"origination": "Laguna Beach",
			"destination_city": "Los Angeles",
			"destination_state": "CA",
			"date": "2021-11-02",
			"time": "17:30",
			"taking_passengers": false,
			"seats_available": 0
		}
	},
	{
		"model": "rides.person",
		"pk": 197,
		"fields": {
			"first_name": "Kenneth",
			"origination": "San Clemente",
			"destination_city": "Los Angeles",
			"destination_state": "CA",
			"date": "2021-11-02",
			"time": "14:30",
			"taking_passengers": false,
			"seats_available": 0
		}
	},
	{
		"model": "rides.person",
		"pk": 198,
		"fields": {
			"first_name": "David",
			"origination": "Mission Viejo",
			"destination_city": "Los Angeles",
			"destination_state": "CA",
			"date": "2021-11-02",
			"time": "15:30",
			"taking_passengers": false,
			"seats_available": 0
		}
	},
	{
		"model": "rides.person",
		"pk": 199,
		"fields": {
			"first_name": "Robert",
			"origination": "Costa Mesa",
			"destination_city": "Los Angeles",
			"destination_state": "CA",
			"date": "2021-11-02",
			"time": "14:00",
			"taking_passengers": true,
			"seats_available": 1
		}
	},
	{
		"model": "rides.person",
		"pk": 200,
		"fields": {
			"first_name": "Karl",
			"origination": "Coto de Caza",
			"destination_city": "Los Angeles",
			"destination_state": "CA",
			"date": "2021-11-02",
			"time": "10:00",
			"taking_passengers": true,
			"seats_available": 3
		}
	},
	{
		"model": "rides.person",
		"pk": 201,
		"fields": {
			"first_name": "Mena",
			"origination": "Coto de Caza",
			"destination_city": "Los Angeles",
			"destination_state": "CA",
			"date": "2021-11-02",
			"time": "18:00",
			"taking_passengers": false,
			"seats_available": 0
		}
	},
	{
		"model": "rides.person",
		"pk": 202,
		"fields": {
			"first_name": "Joe",
			"origination": "Las Flores",
			"destination_city": "Los Angeles",
			"destination_state": "CA",
			"date": "2021-11-02",
			"time": "10:00",
			"taking_passengers": false,
			"seats_available": 0
		}
	},
	{
		"model": "rides.person",
		"pk": 203,
		"fields": {
			"first_name": "Katie",
			"origination": "Aliso Viejo",
			"destination_city": "Los Angeles",
			"destination_state": "CA",
			"date": "2021-11-02",
			"time": "11:30",
			"taking_passengers": true,
			"seats_available": 3
		}
	},
	{
		"model": "rides.person",
		"pk": 204,
		"fields": {
			"first_name": "Zach",
			"origination": "Rancho Santa Margarita",
			"destination_city": "Los Angeles",
			"destination_state": "CA",
			"date": "2021-11-02",
			"time": "18:00",
			"taking_passengers": true,
			"seats_available": 1
		}
	},
	{
		"model": "rides.person",
		"pk": 205,
		"fields": {
			"first_name": "Raj",
			"origination": "Laguna Hills",
			"destination_city": "Los Angeles",
			"destination_state": "CA",
			"date": "2021-11-02",
			"time": "12:30",
			"taking_passengers": false,
			"seats_available": 0
		}
	},
	{
		"model": "rides.person",
		"pk": 206,
		"fields": {
			"first_name": "Edward",
			"origination": "Las Flores",
			"destination_city": "Los Angeles",
			"destination_state": "CA",
			"date": "2021-11-02",
			"time": "13:00",
			"taking_passengers": true,
			"seats_available": 3
		}
	},
	{
		"model": "rides.person",
		"pk": 207,
		"fields": {
			"first_name": "Mona",
			"origination": "Las Flores",
			"destination_city": "Los Angeles",
			"destination_state": "CA",
			"date": "2021-11-02",
			"time": "15:00",
			"taking_passengers": true,
			"seats_available": 1
		}
	},
	{
		"model": "rides.person",
		"pk": 208,
		"fields": {
			"first_name": "Spencer",
			"origination": "Dana Point",
			"destination_city": "Los Angeles",
			"destination_state": "CA",
			"date": "2021-11-02",
			"time": "8:30",
			"taking_passengers": false,
			"seats_available": 0
		}
	},
	{
		"model": "rides.person",
		"pk": 209,
		"fields": {
			"first_name": "Tim",
			"origination": "Coto de Caza",
			"destination_city": "Los Angeles",
			"destination_state": "CA",
			"date": "2021-11-02",
			"time": "13:00",
			"taking_passengers": false,
			"seats_available": 0
		}
	},
	{
		"model": "rides.person",
		"pk": 210,
		"fields": {
			"first_name": "Lori",
			"origination": "Dana Point",
			"destination_city": "Los Angeles",
			"destination_state": "CA",
			"date": "2021-11-02",
			"time": "8:00",
			"taking_passengers": false,
			"seats_available": 0
		}
	},
	{
		"model": "rides.person",
		"pk": 211,
		"fields": {
			"first_name": "Stephen",
			"origination": "Irvine",
			"destination_city": "Los Angeles",
			"destination_state": "CA",
			"date": "2021-11-02",
			"time": "11:30",
			"taking_passengers": true,
			"seats_available": 2
		}
	},
	{
		"model": "rides.person",
		"pk": 212,
		"fields": {
			"first_name": "Peter",
			"origination": "Aliso Viejo",
			"destination_city": "Los Angeles",
			"destination_state": "CA",
			"date": "2021-11-02",
			"time": "13:30",
			"taking_passengers": false,
			"seats_available": 0
		}
	},
	{
		"model": "rides.person",
		"pk": 213,
		"fields": {
			"first_name": "Mark",
			"origination": "Rancho Santa Margarita",
			"destination_city": "Los Angeles",
			"destination_state": "CA",
			"date": "2021-11-02",
			"time": "8:30",
			"taking_passengers": true,
			"seats_available": 3
		}
	},
	{
		"model": "rides.person",
		"pk": 214,
		"fields": {
			"first_name": "Jay",
			"origination": "San Clemente",
			"destination_city": "Los Angeles",
			"destination_state": "CA",
			"date": "2021-11-02",
			"time": "16:00",
			"taking_passengers": true,
			"seats_available": 3
		}
	},
	{
		"model": "rides.person",
		"pk": 215,
		"fields": {
			"first_name": "Rick",
			"origination": "Dana Point",
			"destination_city": "Los Angeles",
			"destination_state": "CA",
			"date": "2021-11-02",
			"time": "8:30",
			"taking_passengers": true,
			"seats_available": 3
		}
	},
	{
		"model": "rides.person",
		"pk": 216,
		"fields": {
			"first_name": "Farzad",
			"origination": "Lake Forest",
			"destination_city": "Los Angeles",
			"destination_state": "CA",
			"date": "2021-11-02",
			"time": "12:00",
			"taking_passengers": false,
			"seats_available": 0
		}
	},
	{
		"model": "rides.person",
		"pk": 217,
		"fields": {
			"first_name": "Thomas",
			"origination": "Costa Mesa",
			"destination_city": "Los Angeles",
			"destination_state": "CA",
			"date": "2021-11-02",
			"time": "16:30",
			"taking_passengers": false,
			"seats_available": 0
		}
	},
	{
		"model": "rides.person",
		"pk": 218,
		"fields": {
			"first_name": "Todd",
			"origination": "Dana Point",
			"destination_city": "Los Angeles",
			"destination_state": "CA",
			"date": "2021-11-02",
			"time": "10:00",
			"taking_passengers": true,
			"seats_available": 4
		}
	},
	{
		"model": "rides.person",
		"pk": 219,
		"fields": {
			"first_name": "Jay",
			"origination": "Rancho Santa Margarita",
			"destination_city": "Los Angeles",
			"destination_state": "CA",
			"date": "2021-11-02",
			"time": "15:30",
			"taking_passengers": false,
			"seats_available": 0
		}
	},
	{
		"model": "rides.person",
		"pk": 220,
		"fields": {
			"first_name": "Karl",
			"origination": "Laguna Hills",
			"destination_city": "Los Angeles",
			"destination_state": "CA",
			"date": "2021-11-02",
			"time": "17:30",
			"taking_passengers": false,
			"seats_available": 0
		}
	},
	{
		"model": "rides.person",
		"pk": 221,
		"fields": {
			"first_name": "Peter",
			"origination": "Chicago",
			"destination_city": "Los Angeles",
			"destination_state": "CA",
			"date": "2021-11-02",
			"time": "12:30",
			"taking_passengers": false,
			"seats_available": 0
		}
	},
	{
		"model": "rides.person",
		"pk": 222,
		"fields": {
			"first_name": "Rocco",
			"origination": "Chicago",
			"destination_city": "Los Angeles",
			"destination_state": "CA",
			"date": "2021-11-02",
			"time": "8:00",
			"taking_passengers": true,
			"seats_available": 1
		}
	},
	{
		"model": "rides.person",
		"pk": 223,
		"fields": {
			"first_name": "Alexandra",
			"origination": "Chicago",
			"destination_city": "Los Angeles",
			"destination_state": "CA",
			"date": "2021-11-02",
			"time": "10:00",
			"taking_passengers": true,
			"seats_available": 2
		}
	},
	{
		"model": "rides.person",
		"pk": 224,
		"fields": {
			"first_name": "Elliott",
			"origination": "Chicago",
			"destination_city": "Los Angeles",
			"destination_state": "CA",
			"date": "2021-11-02",
			"time": "12:30",
			"taking_passengers": true,
			"seats_available": 1
		}
	},
	{
		"model": "rides.person",
		"pk": 225,
		"fields": {
			"first_name": "Nathan",
			"origination": "Chicago",
			"destination_city": "Los Angeles",
			"destination_state": "CA",
			"date": "2021-11-02",
			"time": "14:00",
			"taking_passengers": false,
			"seats_available": 0
		}
	},
	{
		"model": "rides.person",
		"pk": 226,
		"fields": {
			"first_name": "Jonathan",
			"origination": "Chicago",
			"destination_city": "Los Angeles",
			"destination_state": "CA",
			"date": "2021-11-02",
			"time": "15:30",
			"taking_passengers": true,
			"seats_available": 1
		}
	},
	{
		"model": "rides.person",
		"pk": 227,
		"fields": {
			"first_name": "Timothy",
			"origination": "Chicago",
			"destination_city": "Los Angeles",
			"destination_state": "CA",
			"date": "2021-11-02",
			"time": "10:30",
			"taking_passengers": false,
			"seats_available": 0
		}
	},
	{
		"model": "rides.person",
		"pk": 228,
		"fields": {
			"first_name": "Charles",
			"origination": "Chicago",
			"destination_city": "Los Angeles",
			"destination_state": "CA",
			"date": "2021-11-02",
			"time": "15:00",
			"taking_passengers": false,
			"seats_available": 0
		}
	},
	{
		"model": "rides.person",
		"pk": 229,
		"fields": {
			"first_name": "Ketan",
			"origination": "Chicago",
			"destination_city": "Los Angeles",
			"destination_state": "CA",
			"date": "2021-11-02",
			"time": "8:00",
			"taking_passengers": false,
			"seats_available": 0
		}
	},
	{
		"model": "rides.person",
		"pk": 230,
		"fields": {
			"first_name": "Chris",
			"origination": "Chicago",
			"destination_city": "Los Angeles",
			"destination_state": "CA",
			"date": "2021-11-02",
			"time": "18:30",
			"taking_passengers": false,
			"seats_available": 0
		}
	},
	{
		"model": "rides.person",
		"pk": 231,
		"fields": {
			"first_name": "Jessica",
			"origination": "Chicago",
			"destination_city": "Los Angeles",
			"destination_state": "CA",
			"date": "2021-11-02",
			"time": "11:30",
			"taking_passengers": true,
			"seats_available": 2
		}
	},
	{
		"model": "rides.person",
		"pk": 232,
		"fields": {
			"first_name": "Brian",
			"origination": "Chicago",
			"destination_city": "Los Angeles",
			"destination_state": "CA",
			"date": "2021-11-02",
			"time": "8:00",
			"taking_passengers": false,
			"seats_available": 0
		}
	},
	{
		"model": "rides.person",
		"pk": 233,
		"fields": {
			"first_name": "Chrisanne",
			"origination": "Chicago",
			"destination_city": "Los Angeles",
			"destination_state": "CA",
			"date": "2021-11-02",
			"time": "14:00",
			"taking_passengers": false,
			"seats_available": 0
		}
	},
	{
		"model": "rides.person",
		"pk": 234,
		"fields": {
			"first_name": "Zachary",
			"origination": "Chicago",
			"destination_city": "Los Angeles",
			"destination_state": "CA",
			"date": "2021-11-02",
			"time": "10:30",
			"taking_passengers": false,
			"seats_available": 0
		}
	},
	{
		"model": "rides.person",
		"pk": 235,
		"fields": {
			"first_name": "Grant",
			"origination": "Chicago",
			"destination_city": "Los Angeles",
			"destination_state": "CA",
			"date": "2021-11-02",
			"time": "11:30",
			"taking_passengers": false,
			"seats_available": 0
		}
	},
	{
		"model": "rides.person",
		"pk": 236,
		"fields": {
			"first_name": "Chris",
			"origination": "Chicago",
			"destination_city": "Los Angeles",
			"destination_state": "CA",
			"date": "2021-11-02",
			"time": "9:30",
			"taking_passengers": true,
			"seats_available": 1
		}
	},
	{
		"model": "rides.person",
		"pk": 237,
		"fields": {
			"first_name": "Karima",
			"origination": "Chicago",
			"destination_city": "Los Angeles",
			"destination_state": "CA",
			"date": "2021-11-02",
			"time": "14:30",
			"taking_passengers": false,
			"seats_available": 0
		}
	},
	{
		"model": "rides.person",
		"pk": 238,
		"fields": {
			"first_name": "Thomas",
			"origination": "Chicago",
			"destination_city": "Los Angeles",
			"destination_state": "CA",
			"date": "2021-11-02",
			"time": "14:30",
			"taking_passengers": true,
			"seats_available": 3
		}
	},
	{
		"model": "rides.person",
		"pk": 239,
		"fields": {
			"first_name": "Nick",
			"origination": "Chicago",
			"destination_city": "Los Angeles",
			"destination_state": "CA",
			"date": "2021-11-02",
			"time": "15:30",
			"taking_passengers": false,
			"seats_available": 0
		}
	},
	{
		"model": "rides.person",
		"pk": 240,
		"fields": {
			"first_name": "Tom",
			"origination": "Chicago",
			"destination_city": "Los Angeles",
			"destination_state": "CA",
			"date": "2021-11-02",
			"time": "10:30",
			"taking_passengers": true,
			"seats_available": 3
		}
	},
	{
		"model": "rides.person",
		"pk": 241,
		"fields": {
			"first_name": "Christine",
			"origination": "Chicago",
			"destination_city": "Los Angeles",
			"destination_state": "CA",
			"date": "2021-11-02",
			"time": "17:30",
			"taking_passengers": false,
			"seats_available": 0
		}
	},
	{
		"model": "rides.person",
		"pk": 242,
		"fields": {
			"first_name": "Barry",
			"origination": "Chicago",
			"destination_city": "Los Angeles",
			"destination_state": "CA",
			"date": "2021-11-02",
			"time": "17:00",
			"taking_passengers": false,
			"seats_available": 0
		}
	}
]
